"election_year","county","registered","voting","turnout_rate","voting_in_person","voting_absentee","voting_absentee_rate","pres_election_year","election_date"
2010,"Adams",17880,9763,55,8782,981,10,"Mid-term elections","Tuesday, November 2, 2010"
2010,"Allen",240268,92622,39,80912,11710,13,"Mid-term elections","Tuesday, November 2, 2010"
2010,"Bartholomew",49557,20147,41,17644,2503,12,"Mid-term elections","Tuesday, November 2, 2010"
2010,"Benton",5817,2324,40,2060,264,11,"Mid-term elections","Tuesday, November 2, 2010"
2010,"Blackford",8728,4015,46,3038,977,24,"Mid-term elections","Tuesday, November 2, 2010"
2010,"Boone",38794,19529,50,16492,3037,16,"Mid-term elections","Tuesday, November 2, 2010"
2010,"Brown",12203,6397,52,5372,1025,16,"Mid-term elections","Tuesday, November 2, 2010"
2010,"Carroll",14535,6093,42,5521,572,9,"Mid-term elections","Tuesday, November 2, 2010"
2010,"Cass",22008,11266,51,5564,5702,51,"Mid-term elections","Tuesday, November 2, 2010"
2010,"Clark",83698,33535,40,30018,3517,10,"Mid-term elections","Tuesday, November 2, 2010"
2010,"Clay",18808,8371,45,7003,1368,16,"Mid-term elections","Tuesday, November 2, 2010"
2010,"Clinton",20032,7629,38,6633,996,13,"Mid-term elections","Tuesday, November 2, 2010"
2010,"Crawford",9492,4152,44,3581,571,14,"Mid-term elections","Tuesday, November 2, 2010"
2010,"Daviess",18443,7214,39,6155,1059,15,"Mid-term elections","Tuesday, November 2, 2010"
2010,"Dearborn",34803,15606,45,14077,1529,10,"Mid-term elections","Tuesday, November 2, 2010"
2010,"Decatur",15345,7888,51,6540,1348,17,"Mid-term elections","Tuesday, November 2, 2010"
2010,"DeKalb",27674,11701,42,10059,1642,14,"Mid-term elections","Tuesday, November 2, 2010"
2010,"Delaware",87271,31770,36,27736,4034,13,"Mid-term elections","Tuesday, November 2, 2010"
2010,"Dubois",28520,14533,51,12145,2388,16,"Mid-term elections","Tuesday, November 2, 2010"
2010,"Elkhart",119865,46619,39,42038,4581,10,"Mid-term elections","Tuesday, November 2, 2010"
2010,"Fayette",16632,6527,39,5324,1203,18,"Mid-term elections","Tuesday, November 2, 2010"
2010,"Floyd",54823,26316,48,23619,2697,10,"Mid-term elections","Tuesday, November 2, 2010"
2010,"Fountain",12524,5636,45,5048,588,10,"Mid-term elections","Tuesday, November 2, 2010"
2010,"Franklin",17872,7681,43,6899,782,10,"Mid-term elections","Tuesday, November 2, 2010"
2010,"Fulton",13233,6373,48,5395,978,15,"Mid-term elections","Tuesday, November 2, 2010"
2010,"Gibson",22214,11703,53,9757,1946,17,"Mid-term elections","Tuesday, November 2, 2010"
2010,"Grant",47858,16523,35,13950,2573,16,"Mid-term elections","Tuesday, November 2, 2010"
2010,"Greene",20128,10099,50,8408,1691,17,"Mid-term elections","Tuesday, November 2, 2010"
2010,"Hamilton",182345,81796,45,73149,8647,11,"Mid-term elections","Tuesday, November 2, 2010"
2010,"Hancock",52050,23137,44,20350,2787,12,"Mid-term elections","Tuesday, November 2, 2010"
2010,"Harrison",29609,15145,51,13232,1913,13,"Mid-term elections","Tuesday, November 2, 2010"
2010,"Hendricks",93326,39421,42,35310,4111,10,"Mid-term elections","Tuesday, November 2, 2010"
2010,"Henry",30489,13643,45,12367,1276,9,"Mid-term elections","Tuesday, November 2, 2010"
2010,"Howard",59894,26233,44,23239,2994,11,"Mid-term elections","Tuesday, November 2, 2010"
2010,"Huntington",24257,11484,47,10054,1430,12,"Mid-term elections","Tuesday, November 2, 2010"
2010,"Jackson",28269,14004,50,11919,2085,15,"Mid-term elections","Tuesday, November 2, 2010"
2010,"Jasper",20717,8467,41,7701,766,9,"Mid-term elections","Tuesday, November 2, 2010"
2010,"Jay",11882,5909,50,4758,1151,19,"Mid-term elections","Tuesday, November 2, 2010"
2010,"Jefferson",21289,10471,49,8759,1712,16,"Mid-term elections","Tuesday, November 2, 2010"
2010,"Jennings",17616,8886,50,6853,2033,23,"Mid-term elections","Tuesday, November 2, 2010"
2010,"Johnson",89053,39309,44,34988,4321,11,"Mid-term elections","Tuesday, November 2, 2010"
2010,"Knox",27151,11784,43,9940,1844,16,"Mid-term elections","Tuesday, November 2, 2010"
2010,"Kosciusko",46286,20288,44,18376,1912,9,"Mid-term elections","Tuesday, November 2, 2010"
2010,"LaGrange",15125,6621,44,5979,642,10,"Mid-term elections","Tuesday, November 2, 2010"
2010,"Lake",316130,118427,37,106986,11441,10,"Mid-term elections","Tuesday, November 2, 2010"
2010,"LaPorte",76963,29512,38,25460,4052,14,"Mid-term elections","Tuesday, November 2, 2010"
2010,"Lawrence",30415,11502,38,9670,1832,16,"Mid-term elections","Tuesday, November 2, 2010"
2010,"Madison",92411,39822,43,33499,6323,16,"Mid-term elections","Tuesday, November 2, 2010"
2010,"Marion",591697,215808,36,193645,22163,10,"Mid-term elections","Tuesday, November 2, 2010"
2010,"Marshall",28638,13524,47,11292,2232,17,"Mid-term elections","Tuesday, November 2, 2010"
2010,"Martin",7711,4348,56,3546,802,18,"Mid-term elections","Tuesday, November 2, 2010"
2010,"Miami",22510,8947,40,8583,364,4,"Mid-term elections","Tuesday, November 2, 2010"
2010,"Monroe",92198,36333,39,26193,10440,29,"Mid-term elections","Tuesday, November 2, 2010"
2010,"Montgomery",23258,11031,47,9627,1404,13,"Mid-term elections","Tuesday, November 2, 2010"
2010,"Morgan",44795,18449,41,14394,4055,22,"Mid-term elections","Tuesday, November 2, 2010"
2010,"Newton",10998,4341,39,3879,462,11,"Mid-term elections","Tuesday, November 2, 2010"
2010,"Noble",28423,11535,41,10236,1299,11,"Mid-term elections","Tuesday, November 2, 2010"
2010,"Ohio",4317,2322,54,1784,538,23,"Mid-term elections","Tuesday, November 2, 2010"
2010,"Orange",15176,6115,40,5357,758,12,"Mid-term elections","Tuesday, November 2, 2010"
2010,"Owen",14314,6329,44,4933,1396,22,"Mid-term elections","Tuesday, November 2, 2010"
2010,"Parke",12402,5546,45,4535,1011,18,"Mid-term elections","Tuesday, November 2, 2010"
2010,"Perry",12775,6926,54,4977,1949,28,"Mid-term elections","Tuesday, November 2, 2010"
2010,"Pike",9229,4964,54,4021,943,19,"Mid-term elections","Tuesday, November 2, 2010"
2010,"Porter",105885,45321,43,40096,5225,12,"Mid-term elections","Tuesday, November 2, 2010"
2010,"Posey",18925,10068,53,8479,1589,16,"Mid-term elections","Tuesday, November 2, 2010"
2010,"Pulaski",9400,4677,50,3907,770,16,"Mid-term elections","Tuesday, November 2, 2010"
2010,"Putnam",22843,10388,45,8838,1550,15,"Mid-term elections","Tuesday, November 2, 2010"
2010,"Randolph",16589,7183,43,6469,714,10,"Mid-term elections","Tuesday, November 2, 2010"
2010,"Ripley",20103,8613,43,7634,979,11,"Mid-term elections","Tuesday, November 2, 2010"
2010,"Rush",11791,5065,43,4413,652,13,"Mid-term elections","Tuesday, November 2, 2010"
2010,"St. Joseph",199735,80580,40,67755,12825,16,"Mid-term elections","Tuesday, November 2, 2010"
2010,"Scott",19010,7304,38,5885,1419,19,"Mid-term elections","Tuesday, November 2, 2010"
2010,"Shelby",26298,10890,41,9402,1488,14,"Mid-term elections","Tuesday, November 2, 2010"
2010,"Spencer",15215,7667,50,6138,1529,20,"Mid-term elections","Tuesday, November 2, 2010"
2010,"Starke",17471,7272,42,6079,1193,16,"Mid-term elections","Tuesday, November 2, 2010"
2010,"Steuben",19517,10274,53,8955,1319,13,"Mid-term elections","Tuesday, November 2, 2010"
2010,"Sullivan",14515,6628,46,5692,936,14,"Mid-term elections","Tuesday, November 2, 2010"
2010,"Switzerland",6743,3141,47,2609,532,17,"Mid-term elections","Tuesday, November 2, 2010"
2010,"Tippecanoe",105388,36489,35,23206,13283,36,"Mid-term elections","Tuesday, November 2, 2010"
2010,"Tipton",12909,6047,47,4893,1154,19,"Mid-term elections","Tuesday, November 2, 2010"
2010,"Union",5751,2531,44,2127,404,16,"Mid-term elections","Tuesday, November 2, 2010"
2010,"Vanderburgh",138255,50952,37,36853,14099,28,"Mid-term elections","Tuesday, November 2, 2010"
2010,"Vermillion",11076,5063,46,4583,480,9,"Mid-term elections","Tuesday, November 2, 2010"
2010,"Vigo",72380,29105,40,25134,3971,14,"Mid-term elections","Tuesday, November 2, 2010"
2010,"Wabash",22126,9205,42,8315,890,10,"Mid-term elections","Tuesday, November 2, 2010"
2010,"Warren",6760,2716,40,2426,290,11,"Mid-term elections","Tuesday, November 2, 2010"
2010,"Warrick",48006,20937,44,18423,2514,12,"Mid-term elections","Tuesday, November 2, 2010"
2010,"Washington",18894,8711,46,7597,1114,13,"Mid-term elections","Tuesday, November 2, 2010"
2010,"Wayne",44526,16921,38,8460,8461,50,"Mid-term elections","Tuesday, November 2, 2010"
2010,"Wells",17151,9577,56,8329,1348,14,"Mid-term elections","Tuesday, November 2, 2010"
2010,"White",17791,7647,43,6907,740,10,"Mid-term elections","Tuesday, November 2, 2010"
2010,"Whitley",21357,10830,51,9328,1502,14,"Mid-term elections","Tuesday, November 2, 2010"
2010,"Total",4329153,1786213,41,1528293,258320,14,"Mid-term elections","Tuesday, November 2, 2010"
2012,"Adams",18675,13231,71,10120,3111,24,"Presidential elections","Tuesday, November 6, 2012"
2012,"Allen",254410,148995,59,116232,32763,22,"Presidential elections","Tuesday, November 6, 2012"
2012,"Bartholomew",51854,29753,57,23340,6413,22,"Presidential elections","Tuesday, November 6, 2012"
2012,"Benton",5897,3686,63,2912,774,21,"Presidential elections","Tuesday, November 6, 2012"
2012,"Blackford",8897,4838,54,2867,1971,41,"Presidential elections","Tuesday, November 6, 2012"
2012,"Boone",42655,28068,66,19617,8451,30,"Presidential elections","Tuesday, November 6, 2012"
2012,"Brown",12403,7766,63,5604,2162,28,"Presidential elections","Tuesday, November 6, 2012"
2012,"Carroll",13754,8028,58,6637,1391,17,"Presidential elections","Tuesday, November 6, 2012"
2012,"Cass",22213,14484,65,5700,8684,60,"Presidential elections","Tuesday, November 6, 2012"
2012,"Clark",88632,47867,54,41144,6723,14,"Presidential elections","Tuesday, November 6, 2012"
2012,"Clay",19109,11130,58,8586,2544,23,"Presidential elections","Tuesday, November 6, 2012"
2012,"Clinton",20369,10079,49,7887,2192,22,"Presidential elections","Tuesday, November 6, 2012"
2012,"Crawford",9250,4774,52,3938,836,18,"Presidential elections","Tuesday, November 6, 2012"
2012,"Daviess",19001,10449,55,8349,2100,20,"Presidential elections","Tuesday, November 6, 2012"
2012,"Dearborn",37429,22660,61,19832,2828,12,"Presidential elections","Tuesday, November 6, 2012"
2012,"Decatur",15646,10497,67,8059,2438,23,"Presidential elections","Tuesday, November 6, 2012"
2012,"DeKalb",29033,16594,57,12402,4192,25,"Presidential elections","Tuesday, November 6, 2012"
2012,"Delaware",88848,45705,51,37231,8445,18,"Presidential elections","Tuesday, November 6, 2012"
2012,"Dubois",29736,18973,64,12987,5986,32,"Presidential elections","Tuesday, November 6, 2012"
2012,"Elkhart",124637,68450,55,58129,10321,15,"Presidential elections","Tuesday, November 6, 2012"
2012,"Fayette",17169,8973,52,6045,2928,33,"Presidential elections","Tuesday, November 6, 2012"
2012,"Floyd",56391,35820,64,30633,5187,14,"Presidential elections","Tuesday, November 6, 2012"
2012,"Fountain",12168,7250,60,6204,1046,14,"Presidential elections","Tuesday, November 6, 2012"
2012,"Franklin",18588,10727,58,9200,1527,14,"Presidential elections","Tuesday, November 6, 2012"
2012,"Fulton",13514,8388,62,6206,2182,26,"Presidential elections","Tuesday, November 6, 2012"
2012,"Gibson",23301,14973,64,11496,3477,23,"Presidential elections","Tuesday, November 6, 2012"
2012,"Grant",49516,25738,52,18083,7655,30,"Presidential elections","Tuesday, November 6, 2012"
2012,"Greene",20777,13433,65,10427,3006,22,"Presidential elections","Tuesday, November 6, 2012"
2012,"Hamilton",201808,138252,69,108106,30146,22,"Presidential elections","Tuesday, November 6, 2012"
2012,"Hancock",51932,33073,64,25608,7645,23,"Presidential elections","Tuesday, November 6, 2012"
2012,"Harrison",30325,17942,59,15008,2934,16,"Presidential elections","Tuesday, November 6, 2012"
2012,"Hendricks",101576,67538,66,54256,13282,20,"Presidential elections","Tuesday, November 6, 2012"
2012,"Henry",30583,19413,63,16841,2572,13,"Presidential elections","Tuesday, November 6, 2012"
2012,"Howard",62309,37056,59,30156,6900,19,"Presidential elections","Tuesday, November 6, 2012"
2012,"Huntington",25229,16002,63,12006,3996,25,"Presidential elections","Tuesday, November 6, 2012"
2012,"Jackson",29380,17006,58,13699,3307,19,"Presidential elections","Tuesday, November 6, 2012"
2012,"Jasper",21934,13112,60,11153,1959,15,"Presidential elections","Tuesday, November 6, 2012"
2012,"Jay",12366,8047,65,5699,2348,29,"Presidential elections","Tuesday, November 6, 2012"
2012,"Jefferson",22052,13380,61,10460,2920,22,"Presidential elections","Tuesday, November 6, 2012"
2012,"Jennings",18330,10647,58,8138,2509,24,"Presidential elections","Tuesday, November 6, 2012"
2012,"Johnson",96218,58520,61,38054,20466,35,"Presidential elections","Tuesday, November 6, 2012"
2012,"Knox",27414,15457,56,12285,3172,21,"Presidential elections","Tuesday, November 6, 2012"
2012,"Kosciusko",49213,30507,62,25776,4731,16,"Presidential elections","Tuesday, November 6, 2012"
2012,"LaGrange",15743,9428,60,8012,1416,15,"Presidential elections","Tuesday, November 6, 2012"
2012,"Lake",340047,205847,61,169225,36622,18,"Presidential elections","Tuesday, November 6, 2012"
2012,"LaPorte",80066,44648,56,35068,9580,21,"Presidential elections","Tuesday, November 6, 2012"
2012,"Lawrence",31791,18239,57,12646,5593,31,"Presidential elections","Tuesday, November 6, 2012"
2012,"Madison",94754,53066,56,43260,9806,18,"Presidential elections","Tuesday, November 6, 2012"
2012,"Marion",640525,361278,56,302242,59036,16,"Presidential elections","Tuesday, November 6, 2012"
2012,"Marshall",29394,18103,62,14090,4013,22,"Presidential elections","Tuesday, November 6, 2012"
2012,"Martin",7867,4890,62,3872,1018,21,"Presidential elections","Tuesday, November 6, 2012"
2012,"Miami",22700,12947,57,9324,3623,28,"Presidential elections","Tuesday, November 6, 2012"
2012,"Monroe",104064,57951,56,36219,21732,38,"Presidential elections","Tuesday, November 6, 2012"
2012,"Montgomery",24223,14744,61,11948,2796,19,"Presidential elections","Tuesday, November 6, 2012"
2012,"Morgan",47658,28735,60,18674,10061,35,"Presidential elections","Tuesday, November 6, 2012"
2012,"Newton",11032,5752,52,4934,818,14,"Presidential elections","Tuesday, November 6, 2012"
2012,"Noble",29584,16630,56,13476,3154,19,"Presidential elections","Tuesday, November 6, 2012"
2012,"Ohio",4543,2867,63,2081,786,27,"Presidential elections","Tuesday, November 6, 2012"
2012,"Orange",15526,7966,51,6570,1396,18,"Presidential elections","Tuesday, November 6, 2012"
2012,"Owen",14808,8287,56,5639,2648,32,"Presidential elections","Tuesday, November 6, 2012"
2012,"Parke",12424,6634,53,5205,1429,22,"Presidential elections","Tuesday, November 6, 2012"
2012,"Perry",12941,8046,62,5304,2742,34,"Presidential elections","Tuesday, November 6, 2012"
2012,"Pike",9410,6101,65,4564,1537,25,"Presidential elections","Tuesday, November 6, 2012"
2012,"Porter",114618,73810,64,58568,15242,21,"Presidential elections","Tuesday, November 6, 2012"
2012,"Posey",19035,12461,65,9464,2997,24,"Presidential elections","Tuesday, November 6, 2012"
2012,"Pulaski",9449,5509,58,4377,1132,21,"Presidential elections","Tuesday, November 6, 2012"
2012,"Putnam",23679,14007,59,11029,2978,21,"Presidential elections","Tuesday, November 6, 2012"
2012,"Randolph",17308,10374,60,9820,554,5,"Presidential elections","Tuesday, November 6, 2012"
2012,"Ripley",20947,11141,53,9382,1759,16,"Presidential elections","Tuesday, November 6, 2012"
2012,"Rush",11969,7150,60,5882,1268,18,"Presidential elections","Tuesday, November 6, 2012"
2012,"St. Joseph",204920,111622,54,88720,22902,21,"Presidential elections","Tuesday, November 6, 2012"
2012,"Scott",19313,8929,46,6954,1975,22,"Presidential elections","Tuesday, November 6, 2012"
2012,"Shelby",27757,17063,61,13477,3586,21,"Presidential elections","Tuesday, November 6, 2012"
2012,"Spencer",15662,9933,63,7494,2439,25,"Presidential elections","Tuesday, November 6, 2012"
2012,"Starke",17293,8939,52,7090,1849,21,"Presidential elections","Tuesday, November 6, 2012"
2012,"Steuben",20985,13857,66,11208,2649,19,"Presidential elections","Tuesday, November 6, 2012"
2012,"Sullivan",14471,8485,59,6851,1634,19,"Presidential elections","Tuesday, November 6, 2012"
2012,"Switzerland",7020,3547,51,3036,511,14,"Presidential elections","Tuesday, November 6, 2012"
2012,"Tippecanoe",106766,58275,55,35412,22863,39,"Presidential elections","Tuesday, November 6, 2012"
2012,"Tipton",12954,7497,58,5868,1629,22,"Presidential elections","Tuesday, November 6, 2012"
2012,"Union",5865,3130,53,2503,627,20,"Presidential elections","Tuesday, November 6, 2012"
2012,"Vanderburgh",142903,73486,51,44051,29435,40,"Presidential elections","Tuesday, November 6, 2012"
2012,"Vermillion",11410,6750,59,5811,939,14,"Presidential elections","Tuesday, November 6, 2012"
2012,"Vigo",76142,40357,53,33407,6950,17,"Presidential elections","Tuesday, November 6, 2012"
2012,"Wabash",22507,13185,59,10504,2681,20,"Presidential elections","Tuesday, November 6, 2012"
2012,"Warren",6695,3913,58,3269,644,16,"Presidential elections","Tuesday, November 6, 2012"
2012,"Warrick",49971,24984,50,19219,5765,23,"Presidential elections","Tuesday, November 6, 2012"
2012,"Washington",19269,10916,57,9380,1536,14,"Presidential elections","Tuesday, November 6, 2012"
2012,"Wayne",44963,26225,58,10780,15445,59,"Presidential elections","Tuesday, November 6, 2012"
2012,"Wells",18209,13098,72,9999,3099,24,"Presidential elections","Tuesday, November 6, 2012"
2012,"White",17533,10082,58,8424,1658,16,"Presidential elections","Tuesday, November 6, 2012"
2012,"Whitley",22003,15203,69,11530,3673,24,"Presidential elections","Tuesday, November 6, 2012"
2012,"Total",4555257,2663368,58,2072974,590445,22,"Presidential elections","Tuesday, November 6, 2012"
2014,"Adams",18863,7863,42,6664,1199,15,"Mid-term elections","Tuesday, November 4, 2014"
2014,"Allen",260324,75307,29,64899,10408,14,"Mid-term elections","Tuesday, November 4, 2014"
2014,"Bartholomew",52365,16976,32,14161,2815,17,"Mid-term elections","Tuesday, November 4, 2014"
2014,"Benton",5916,2366,40,1956,410,17,"Mid-term elections","Tuesday, November 4, 2014"
2014,"Blackford",8778,2823,32,1761,1062,38,"Mid-term elections","Tuesday, November 4, 2014"
2014,"Boone",44638,14435,32,9858,4577,32,"Mid-term elections","Tuesday, November 4, 2014"
2014,"Brown",12542,5455,43,4335,1120,21,"Mid-term elections","Tuesday, November 4, 2014"
2014,"Carroll",13761,4059,29,3093,966,24,"Mid-term elections","Tuesday, November 4, 2014"
2014,"Cass",21894,8184,37,4146,4038,49,"Mid-term elections","Tuesday, November 4, 2014"
2014,"Clark",88061,31228,35,27173,4055,13,"Mid-term elections","Tuesday, November 4, 2014"
2014,"Clay",19216,7150,37,5370,1780,25,"Mid-term elections","Tuesday, November 4, 2014"
2014,"Clinton",19692,6042,31,5153,889,15,"Mid-term elections","Tuesday, November 4, 2014"
2014,"Crawford",9301,3872,42,3256,616,16,"Mid-term elections","Tuesday, November 4, 2014"
2014,"Daviess",19132,6662,35,5591,1071,16,"Mid-term elections","Tuesday, November 4, 2014"
2014,"Dearborn",38645,10845,28,10077,768,7,"Mid-term elections","Tuesday, November 4, 2014"
2014,"Decatur",15946,6823,43,5479,1344,20,"Mid-term elections","Tuesday, November 4, 2014"
2014,"DeKalb",29468,7619,26,6414,1205,16,"Mid-term elections","Tuesday, November 4, 2014"
2014,"Delaware",88647,24138,27,20609,3529,15,"Mid-term elections","Tuesday, November 4, 2014"
2014,"Dubois",29948,11287,38,9369,2458,22,"Mid-term elections","Tuesday, November 4, 2014"
2014,"Elkhart",127535,34670,27,30393,4277,12,"Mid-term elections","Tuesday, November 4, 2014"
2014,"Fayette",17247,5819,34,4144,1675,29,"Mid-term elections","Tuesday, November 4, 2014"
2014,"Floyd",57576,19079,33,13109,5970,31,"Mid-term elections","Tuesday, November 4, 2014"
2014,"Fountain",12414,4038,33,3630,408,10,"Mid-term elections","Tuesday, November 4, 2014"
2014,"Franklin",18249,5966,33,5304,662,11,"Mid-term elections","Tuesday, November 4, 2014"
2014,"Fulton",13490,5319,39,4268,1051,20,"Mid-term elections","Tuesday, November 4, 2014"
2014,"Gibson",23617,9178,39,7629,1549,17,"Mid-term elections","Tuesday, November 4, 2014"
2014,"Grant",49236,13705,28,11057,2648,19,"Mid-term elections","Tuesday, November 4, 2014"
2014,"Greene",21068,9700,46,7755,1945,20,"Mid-term elections","Tuesday, November 4, 2014"
2014,"Hamilton",208969,57504,28,51148,6356,11,"Mid-term elections","Tuesday, November 4, 2014"
2014,"Hancock",52561,14464,28,10607,3857,27,"Mid-term elections","Tuesday, November 4, 2014"
2014,"Harrison",30588,12222,40,10255,1967,16,"Mid-term elections","Tuesday, November 4, 2014"
2014,"Hendricks",99707,29321,29,25155,4166,14,"Mid-term elections","Tuesday, November 4, 2014"
2014,"Henry",30292,10864,36,9755,1109,10,"Mid-term elections","Tuesday, November 4, 2014"
2014,"Howard",62068,20439,33,17781,2658,13,"Mid-term elections","Tuesday, November 4, 2014"
2014,"Huntington",25019,7494,30,6355,1139,15,"Mid-term elections","Tuesday, November 4, 2014"
2014,"Jackson",29470,10725,36,8884,1841,17,"Mid-term elections","Tuesday, November 4, 2014"
2014,"Jasper",22524,7047,31,6332,715,10,"Mid-term elections","Tuesday, November 4, 2014"
2014,"Jay",12386,6459,52,5116,1343,21,"Mid-term elections","Tuesday, November 4, 2014"
2014,"Jefferson",22454,9480,42,7567,1913,20,"Mid-term elections","Tuesday, November 4, 2014"
2014,"Jennings",18478,8005,43,5862,2143,27,"Mid-term elections","Tuesday, November 4, 2014"
2014,"Johnson",98874,23616,24,18846,4770,20,"Mid-term elections","Tuesday, November 4, 2014"
2014,"Knox",26327,10964,42,8706,2258,21,"Mid-term elections","Tuesday, November 4, 2014"
2014,"Kosciusko",50823,16834,33,15070,1764,10,"Mid-term elections","Tuesday, November 4, 2014"
2014,"LaGrange",15909,5607,35,5046,561,10,"Mid-term elections","Tuesday, November 4, 2014"
2014,"Lake",350313,93404,27,80238,13166,14,"Mid-term elections","Tuesday, November 4, 2014"
2014,"LaPorte",80478,25110,31,21609,3501,14,"Mid-term elections","Tuesday, November 4, 2014"
2014,"Lawrence",32004,9949,31,7679,2270,23,"Mid-term elections","Tuesday, November 4, 2014"
2014,"Madison",94837,29825,31,25575,4250,14,"Mid-term elections","Tuesday, November 4, 2014"
2014,"Marion",650018,160568,25,145833,14735,9,"Mid-term elections","Tuesday, November 4, 2014"
2014,"Marshall",29583,9448,32,7815,1633,17,"Mid-term elections","Tuesday, November 4, 2014"
2014,"Martin",7852,3882,49,3030,852,22,"Mid-term elections","Tuesday, November 4, 2014"
2014,"Miami",22945,5805,25,4185,1620,28,"Mid-term elections","Tuesday, November 4, 2014"
2014,"Monroe",105126,27107,26,19718,7389,27,"Mid-term elections","Tuesday, November 4, 2014"
2014,"Montgomery",22941,8850,39,7829,1021,12,"Mid-term elections","Tuesday, November 4, 2014"
2014,"Morgan",48306,14217,29,10728,3489,25,"Mid-term elections","Tuesday, November 4, 2014"
2014,"Newton",11244,3421,30,3094,327,10,"Mid-term elections","Tuesday, November 4, 2014"
2014,"Noble",29882,9041,30,7083,1958,22,"Mid-term elections","Tuesday, November 4, 2014"
2014,"Ohio",4775,2294,48,4087,688,30,"Mid-term elections","Tuesday, November 4, 2014"
2014,"Orange",15464,5410,35,4612,798,15,"Mid-term elections","Tuesday, November 4, 2014"
2014,"Owen",14745,5050,34,3796,1254,25,"Mid-term elections","Tuesday, November 4, 2014"
2014,"Parke",12301,4825,39,3904,921,19,"Mid-term elections","Tuesday, November 4, 2014"
2014,"Perry",12396,5943,48,4056,1887,32,"Mid-term elections","Tuesday, November 4, 2014"
2014,"Pike",9421,4514,48,3213,1301,29,"Mid-term elections","Tuesday, November 4, 2014"
2014,"Porter",118518,41655,35,35575,6080,15,"Mid-term elections","Tuesday, November 4, 2014"
2014,"Posey",18943,7737,41,6187,1550,20,"Mid-term elections","Tuesday, November 4, 2014"
2014,"Pulaski",9436,3693,39,3014,679,18,"Mid-term elections","Tuesday, November 4, 2014"
2014,"Putnam",23924,6566,27,5593,973,15,"Mid-term elections","Tuesday, November 4, 2014"
2014,"Randolph",17341,5278,30,4530,748,14,"Mid-term elections","Tuesday, November 4, 2014"
2014,"Ripley",21256,7560,36,6714,846,11,"Mid-term elections","Tuesday, November 4, 2014"
2014,"Rush",11625,4567,39,3891,676,15,"Mid-term elections","Tuesday, November 4, 2014"
2014,"St. Joseph",201966,58823,29,49436,9387,16,"Mid-term elections","Tuesday, November 4, 2014"
2014,"Scott",19481,6882,35,5321,1561,23,"Mid-term elections","Tuesday, November 4, 2014"
2014,"Shelby",28234,9086,32,7619,1467,16,"Mid-term elections","Tuesday, November 4, 2014"
2014,"Spencer",15782,7529,48,5713,1816,24,"Mid-term elections","Tuesday, November 4, 2014"
2014,"Starke",17630,6062,34,4808,1254,21,"Mid-term elections","Tuesday, November 4, 2014"
2014,"Steuben",21393,7927,37,6832,1095,14,"Mid-term elections","Tuesday, November 4, 2014"
2014,"Sullivan",14688,6206,42,5090,1116,18,"Mid-term elections","Tuesday, November 4, 2014"
2014,"Switzerland",7132,2367,33,2104,263,11,"Mid-term elections","Tuesday, November 4, 2014"
2014,"Tippecanoe",100490,30938,31,21028,9910,32,"Mid-term elections","Tuesday, November 4, 2014"
2014,"Tipton",12556,5077,40,4214,863,17,"Mid-term elections","Tuesday, November 4, 2014"
2014,"Union",5769,2322,40,1916,406,17,"Mid-term elections","Tuesday, November 4, 2014"
2014,"Vanderburgh",143508,37309,26,35010,2299,6,"Mid-term elections","Tuesday, November 4, 2014"
2014,"Vermillion",9732,4286,44,3607,679,16,"Mid-term elections","Tuesday, November 4, 2014"
2014,"Vigo",76690,21863,29,13995,7868,36,"Mid-term elections","Tuesday, November 4, 2014"
2014,"Wabash",22307,6439,29,5085,1354,21,"Mid-term elections","Tuesday, November 4, 2014"
2014,"Warren",6713,2570,38,2143,427,17,"Mid-term elections","Tuesday, November 4, 2014"
2014,"Warrick",51059,16186,32,14318,1868,12,"Mid-term elections","Tuesday, November 4, 2014"
2014,"Washington",19368,7404,38,6366,1038,14,"Mid-term elections","Tuesday, November 4, 2014"
2014,"Wayne",41119,11000,27,7717,3283,30,"Mid-term elections","Tuesday, November 4, 2014"
2014,"Wells",18524,8455,46,7104,1351,16,"Mid-term elections","Tuesday, November 4, 2014"
2014,"White",17321,5153,30,4431,722,14,"Mid-term elections","Tuesday, November 4, 2014"
2014,"Whitley",22068,7709,35,6471,1238,16,"Mid-term elections","Tuesday, November 4, 2014"
2014,"Total",4593222,1388965,30,1163054,228932,16,"Mid-term elections","Tuesday, November 4, 2014"
2016,"Adams",19482,13463,69,7235,6228,46,"Presidential elections","Tuesday, November 8, 2016"
2016,"Allen",276407,150739,55,108542,42197,28,"Presidential elections","Tuesday, November 8, 2016"
2016,"Bartholomew",55494,33198,60,17035,16161,49,"Presidential elections","Tuesday, November 8, 2016"
2016,"Benton",6129,3793,62,2850,943,25,"Presidential elections","Tuesday, November 8, 2016"
2016,"Blackford",8976,4992,56,2542,2450,49,"Presidential elections","Tuesday, November 8, 2016"
2016,"Boone",49294,33067,67,11062,22005,67,"Presidential elections","Tuesday, November 8, 2016"
2016,"Brown",12955,8229,64,5192,3037,37,"Presidential elections","Tuesday, November 8, 2016"
2016,"Carroll",14338,8899,62,4749,4150,47,"Presidential elections","Tuesday, November 8, 2016"
2016,"Cass",22012,14620,66,4992,9628,66,"Presidential elections","Tuesday, November 8, 2016"
2016,"Clark",94446,52204,55,42620,9584,18,"Presidential elections","Tuesday, November 8, 2016"
2016,"Clay",19581,11479,59,7209,4270,37,"Presidential elections","Tuesday, November 8, 2016"
2016,"Clinton",20529,12191,59,6189,6002,49,"Presidential elections","Tuesday, November 8, 2016"
2016,"Crawford",9286,4766,51,3893,873,18,"Presidential elections","Tuesday, November 8, 2016"
2016,"Daviess",19449,11025,57,7828,3197,29,"Presidential elections","Tuesday, November 8, 2016"
2016,"Dearborn",39926,27366,69,24500,2866,10,"Presidential elections","Tuesday, November 8, 2016"
2016,"Decatur",15950,11319,71,8262,3057,27,"Presidential elections","Tuesday, November 8, 2016"
2016,"DeKalb",30441,17228,57,11319,5909,34,"Presidential elections","Tuesday, November 8, 2016"
2016,"Delaware",91038,46379,51,36313,10066,22,"Presidential elections","Tuesday, November 8, 2016"
2016,"Dubois",30878,20529,66,10276,10253,50,"Presidential elections","Tuesday, November 8, 2016"
2016,"Elkhart",134922,68055,50,50401,17654,26,"Presidential elections","Tuesday, November 8, 2016"
2016,"Fayette",17607,9791,56,6224,3567,36,"Presidential elections","Tuesday, November 8, 2016"
2016,"Floyd",61175,38266,63,17616,20650,54,"Presidential elections","Tuesday, November 8, 2016"
2016,"Fountain",12784,7722,60,6299,1423,18,"Presidential elections","Tuesday, November 8, 2016"
2016,"Franklin",18784,11234,60,9424,1810,16,"Presidential elections","Tuesday, November 8, 2016"
2016,"Fulton",13374,8663,65,5791,2872,33,"Presidential elections","Tuesday, November 8, 2016"
2016,"Gibson",24646,15821,64,10929,4892,31,"Presidential elections","Tuesday, November 8, 2016"
2016,"Grant",49440,26035,53,17777,8258,32,"Presidential elections","Tuesday, November 8, 2016"
2016,"Greene",21708,14197,65,10028,4169,29,"Presidential elections","Tuesday, November 8, 2016"
2016,"Hamilton",230786,158205,69,104597,53608,34,"Presidential elections","Tuesday, November 8, 2016"
2016,"Hancock",56315,36920,66,11518,25402,69,"Presidential elections","Tuesday, November 8, 2016"
2016,"Harrison",28754,18958,66,14718,4240,22,"Presidential elections","Tuesday, November 8, 2016"
2016,"Hendricks",109903,77182,70,48669,28513,37,"Presidential elections","Tuesday, November 8, 2016"
2016,"Henry",31363,20591,66,15411,5180,25,"Presidential elections","Tuesday, November 8, 2016"
2016,"Howard",63952,38019,59,11123,26896,71,"Presidential elections","Tuesday, November 8, 2016"
2016,"Huntington",25859,16413,63,7378,9035,55,"Presidential elections","Tuesday, November 8, 2016"
2016,"Jackson",30531,17976,59,12922,5054,28,"Presidential elections","Tuesday, November 8, 2016"
2016,"Jasper",23582,13719,58,11088,2631,19,"Presidential elections","Tuesday, November 8, 2016"
2016,"Jay",12632,8170,65,5084,3086,38,"Presidential elections","Tuesday, November 8, 2016"
2016,"Jefferson",22004,13899,63,10269,3630,26,"Presidential elections","Tuesday, November 8, 2016"
2016,"Jennings",19063,11421,60,8751,2670,23,"Presidential elections","Tuesday, November 8, 2016"
2016,"Johnson",107546,67754,63,29499,38255,56,"Presidential elections","Tuesday, November 8, 2016"
2016,"Knox",26927,15910,59,11400,4510,28,"Presidential elections","Tuesday, November 8, 2016"
2016,"Kosciusko",54154,32980,61,26778,6202,19,"Presidential elections","Tuesday, November 8, 2016"
2016,"LaGrange",16522,11707,71,9807,1900,16,"Presidential elections","Tuesday, November 8, 2016"
2016,"Lake",364293,207097,57,150316,56781,27,"Presidential elections","Tuesday, November 8, 2016"
2016,"LaPorte",83837,46369,55,34676,11693,25,"Presidential elections","Tuesday, November 8, 2016"
2016,"Lawrence",33367,19541,59,12375,7166,37,"Presidential elections","Tuesday, November 8, 2016"
2016,"Madison",97563,54979,56,43967,11012,20,"Presidential elections","Tuesday, November 8, 2016"
2016,"Marion",699709,370498,53,301899,68599,19,"Presidential elections","Tuesday, November 8, 2016"
2016,"Marshall",30300,18566,61,12832,5734,31,"Presidential elections","Tuesday, November 8, 2016"
2016,"Martin",7917,4947,62,3565,1382,28,"Presidential elections","Tuesday, November 8, 2016"
2016,"Miami",23197,13780,59,4886,8894,65,"Presidential elections","Tuesday, November 8, 2016"
2016,"Monroe",112228,59847,53,28894,30953,52,"Presidential elections","Tuesday, November 8, 2016"
2016,"Montgomery",24363,15471,64,5020,10451,68,"Presidential elections","Tuesday, November 8, 2016"
2016,"Morgan",51542,31898,62,15970,15928,50,"Presidential elections","Tuesday, November 8, 2016"
2016,"Newton",11348,5938,52,5117,821,14,"Presidential elections","Tuesday, November 8, 2016"
2016,"Noble",31028,17361,56,9681,7680,44,"Presidential elections","Tuesday, November 8, 2016"
2016,"Ohio",4927,2988,61,1969,1019,34,"Presidential elections","Tuesday, November 8, 2016"
2016,"Orange",15736,8473,54,6640,1833,22,"Presidential elections","Tuesday, November 8, 2016"
2016,"Owen",14851,8773,59,4998,3775,43,"Presidential elections","Tuesday, November 8, 2016"
2016,"Parke",12221,6783,56,4854,1929,28,"Presidential elections","Tuesday, November 8, 2016"
2016,"Perry",12846,8245,64,4887,3358,41,"Presidential elections","Tuesday, November 8, 2016"
2016,"Pike",9413,6159,65,4375,1784,29,"Presidential elections","Tuesday, November 8, 2016"
2016,"Porter",126944,79075,62,58090,20985,27,"Presidential elections","Tuesday, November 8, 2016"
2016,"Posey",19229,12757,66,8661,4096,32,"Presidential elections","Tuesday, November 8, 2016"
2016,"Pulaski",9609,5599,58,3495,2104,38,"Presidential elections","Tuesday, November 8, 2016"
2016,"Putnam",25270,15043,60,10798,4245,28,"Presidential elections","Tuesday, November 8, 2016"
2016,"Randolph",17956,10707,60,8642,2065,19,"Presidential elections","Tuesday, November 8, 2016"
2016,"Ripley",22190,13157,59,11138,2019,15,"Presidential elections","Tuesday, November 8, 2016"
2016,"Rush",11846,7372,62,5400,1972,27,"Presidential elections","Tuesday, November 8, 2016"
2016,"St. Joseph",212720,113070,53,86119,26951,24,"Presidential elections","Tuesday, November 8, 2016"
2016,"Scott",19757,9268,47,7043,2225,24,"Presidential elections","Tuesday, November 8, 2016"
2016,"Shelby",29608,18380,62,12606,5774,31,"Presidential elections","Tuesday, November 8, 2016"
2016,"Spencer",16067,10255,64,7266,2989,29,"Presidential elections","Tuesday, November 8, 2016"
2016,"Starke",18112,9487,52,7027,2460,26,"Presidential elections","Tuesday, November 8, 2016"
2016,"Steuben",23107,14898,64,11182,3726,25,"Presidential elections","Tuesday, November 8, 2016"
2016,"Sullivan",14906,8796,59,6780,2016,23,"Presidential elections","Tuesday, November 8, 2016"
2016,"Switzerland",7460,3557,48,1262,2295,65,"Presidential elections","Tuesday, November 8, 2016"
2016,"Tippecanoe",113548,64123,56,31226,32897,51,"Presidential elections","Tuesday, November 8, 2016"
2016,"Tipton",12640,7701,61,5613,2088,27,"Presidential elections","Tuesday, November 8, 2016"
2016,"Union",5913,3354,57,2395,959,29,"Presidential elections","Tuesday, November 8, 2016"
2016,"Vanderburgh",139519,74236,53,37165,37071,50,"Presidential elections","Tuesday, November 8, 2016"
2016,"Vermillion",10246,7147,70,5518,1629,23,"Presidential elections","Tuesday, November 8, 2016"
2016,"Vigo",79517,40677,51,16665,24012,59,"Presidential elections","Tuesday, November 8, 2016"
2016,"Wabash",22833,13817,61,7920,5897,43,"Presidential elections","Tuesday, November 8, 2016"
2016,"Warren",6287,4068,65,2969,1099,27,"Presidential elections","Tuesday, November 8, 2016"
2016,"Warrick",49679,30513,61,22575,7938,26,"Presidential elections","Tuesday, November 8, 2016"
2016,"Washington",19986,11578,58,9375,2203,19,"Presidential elections","Tuesday, November 8, 2016"
2016,"Wayne",43365,26389,61,9975,16414,62,"Presidential elections","Tuesday, November 8, 2016"
2016,"Wells",19278,13482,70,5415,8067,60,"Presidential elections","Tuesday, November 8, 2016"
2016,"White",17356,10359,60,7280,3079,30,"Presidential elections","Tuesday, November 8, 2016"
2016,"Whitley",22665,16004,71,10651,5353,33,"Presidential elections","Tuesday, November 8, 2016"
2016,"Total",4829243,2807676,58,1873281,934403,33,"Presidential elections","Tuesday, November 8, 2016"
2018,"Adams",18777,11333,60,6650,4683,41,"Mid-term elections","Tuesday, November 6, 2018"
2018,"Allen",258386,127189,49,90077,37112,29,"Mid-term elections","Tuesday, November 6, 2018"
2018,"Bartholomew",50729,26876,53,15093,11783,44,"Mid-term elections","Tuesday, November 6, 2018"
2018,"Benton",5786,3026,52,2314,712,24,"Mid-term elections","Tuesday, November 6, 2018"
2018,"Blackford",8143,3959,49,2058,1901,48,"Mid-term elections","Tuesday, November 6, 2018"
2018,"Boone",49251,27789,56,12499,15290,55,"Mid-term elections","Tuesday, November 6, 2018"
2018,"Brown",11953,7340,61,4506,2834,39,"Mid-term elections","Tuesday, November 6, 2018"
2018,"Carroll",13245,6977,53,4171,2806,40,"Mid-term elections","Tuesday, November 6, 2018"
2018,"Cass",21876,11707,54,4647,7060,60,"Mid-term elections","Tuesday, November 6, 2018"
2018,"Clark",89470,49383,55,40678,8705,18,"Mid-term elections","Tuesday, November 6, 2018"
2018,"Clay",18544,9433,51,6134,3299,35,"Mid-term elections","Tuesday, November 6, 2018"
2018,"Clinton",18904,9359,50,5571,3788,40,"Mid-term elections","Tuesday, November 6, 2018"
2018,"Crawford",7707,4073,53,3279,794,19,"Mid-term elections","Tuesday, November 6, 2018"
2018,"Daviess",17555,8852,50,6276,2576,29,"Mid-term elections","Tuesday, November 6, 2018"
2018,"Dearborn",38789,21059,54,18393,2666,13,"Mid-term elections","Tuesday, November 6, 2018"
2018,"Decatur",16420,9134,56,6463,2671,29,"Mid-term elections","Tuesday, November 6, 2018"
2018,"DeKalb",28414,14075,50,9446,4629,33,"Mid-term elections","Tuesday, November 6, 2018"
2018,"Delaware",80770,38201,47,29237,8964,23,"Mid-term elections","Tuesday, November 6, 2018"
2018,"Dubois",29975,17328,58,8135,9193,53,"Mid-term elections","Tuesday, November 6, 2018"
2018,"Elkhart",121936,54843,45,39694,15149,28,"Mid-term elections","Tuesday, November 6, 2018"
2018,"Fayette",15588,7632,49,4716,2916,38,"Mid-term elections","Tuesday, November 6, 2018"
2018,"Floyd",58320,32191,55,17175,15016,47,"Mid-term elections","Tuesday, November 6, 2018"
2018,"Fountain",11244,5996,53,4598,1398,23,"Mid-term elections","Tuesday, November 6, 2018"
2018,"Franklin",16394,7657,47,6190,1467,19,"Mid-term elections","Tuesday, November 6, 2018"
2018,"Fulton",12832,7157,56,4619,2538,35,"Mid-term elections","Tuesday, November 6, 2018"
2018,"Gibson",22853,12630,55,8961,3669,29,"Mid-term elections","Tuesday, November 6, 2018"
2018,"Grant",44202,20398,46,14520,5878,29,"Mid-term elections","Tuesday, November 6, 2018"
2018,"Greene",18903,10942,58,7572,3370,31,"Mid-term elections","Tuesday, November 6, 2018"
2018,"Hamilton",237895,138843,58,96144,42699,31,"Mid-term elections","Tuesday, November 6, 2018"
2018,"Hancock",54967,30458,55,17028,13430,44,"Mid-term elections","Tuesday, November 6, 2018"
2018,"Harrison",28336,15825,56,12176,3649,23,"Mid-term elections","Tuesday, November 6, 2018"
2018,"Hendricks",112674,63270,56,40622,22648,36,"Mid-term elections","Tuesday, November 6, 2018"
2018,"Henry",30363,19372,64,15895,3477,18,"Mid-term elections","Tuesday, November 6, 2018"
2018,"Howard",60119,29730,49,14918,14812,50,"Mid-term elections","Tuesday, November 6, 2018"
2018,"Huntington",23982,13371,56,7547,5824,44,"Mid-term elections","Tuesday, November 6, 2018"
2018,"Jackson",27976,14828,53,10238,4590,31,"Mid-term elections","Tuesday, November 6, 2018"
2018,"Jasper",21557,10798,50,8851,1947,18,"Mid-term elections","Tuesday, November 6, 2018"
2018,"Jay",12025,6412,53,4103,2309,36,"Mid-term elections","Tuesday, November 6, 2018"
2018,"Jefferson",21272,11508,54,8332,3176,28,"Mid-term elections","Tuesday, November 6, 2018"
2018,"Jennings",17946,9309,52,7127,2182,23,"Mid-term elections","Tuesday, November 6, 2018"
2018,"Johnson",103953,52220,50,27998,24222,46,"Mid-term elections","Tuesday, November 6, 2018"
2018,"Knox",24333,12875,53,9303,3572,28,"Mid-term elections","Tuesday, November 6, 2018"
2018,"Kosciusko",51370,26588,52,21848,4740,18,"Mid-term elections","Tuesday, November 6, 2018"
2018,"LaGrange",15453,8966,58,7765,1201,13,"Mid-term elections","Tuesday, November 6, 2018"
2018,"Lake",352355,165140,47,115910,49230,30,"Mid-term elections","Tuesday, November 6, 2018"
2018,"LaPorte",77118,37790,49,27722,10068,27,"Mid-term elections","Tuesday, November 6, 2018"
2018,"Lawrence",30766,15724,51,8878,6846,44,"Mid-term elections","Tuesday, November 6, 2018"
2018,"Madison",90939,40177,44,36081,4096,10,"Mid-term elections","Tuesday, November 6, 2018"
2018,"Marion",647977,309620,48,225473,84147,27,"Mid-term elections","Tuesday, November 6, 2018"
2018,"Marshall",28237,15081,53,10336,4745,31,"Mid-term elections","Tuesday, November 6, 2018"
2018,"Martin",7470,4438,59,3139,1299,29,"Mid-term elections","Tuesday, November 6, 2018"
2018,"Miami",20230,10513,52,4850,5663,54,"Mid-term elections","Tuesday, November 6, 2018"
2018,"Monroe",97210,52343,54,27359,24984,48,"Mid-term elections","Tuesday, November 6, 2018"
2018,"Montgomery",23174,12700,55,6213,6487,51,"Mid-term elections","Tuesday, November 6, 2018"
2018,"Morgan",48280,25480,53,13061,12419,49,"Mid-term elections","Tuesday, November 6, 2018"
2018,"Newton",10197,4690,46,4041,649,14,"Mid-term elections","Tuesday, November 6, 2018"
2018,"Noble",28835,13904,48,8811,5093,37,"Mid-term elections","Tuesday, November 6, 2018"
2018,"Ohio",4705,2483,53,1595,888,36,"Mid-term elections","Tuesday, November 6, 2018"
2018,"Orange",13508,6933,51,5490,1443,21,"Mid-term elections","Tuesday, November 6, 2018"
2018,"Owen",13681,7325,54,4301,3024,41,"Mid-term elections","Tuesday, November 6, 2018"
2018,"Parke",10246,5464,53,3959,1505,28,"Mid-term elections","Tuesday, November 6, 2018"
2018,"Perry",12322,7319,59,4123,3196,44,"Mid-term elections","Tuesday, November 6, 2018"
2018,"Pike",8987,5292,59,3474,1818,34,"Mid-term elections","Tuesday, November 6, 2018"
2018,"Porter",123529,65449,53,46887,18562,28,"Mid-term elections","Tuesday, November 6, 2018"
2018,"Posey",18113,10816,60,7494,3322,31,"Mid-term elections","Tuesday, November 6, 2018"
2018,"Pulaski",8781,4439,51,2971,1468,33,"Mid-term elections","Tuesday, November 6, 2018"
2018,"Putnam",23732,12035,51,7976,4059,34,"Mid-term elections","Tuesday, November 6, 2018"
2018,"Randolph",16485,8247,50,6094,2153,26,"Mid-term elections","Tuesday, November 6, 2018"
2018,"Ripley",20593,11296,55,9638,1658,15,"Mid-term elections","Tuesday, November 6, 2018"
2018,"Rush",10784,6189,57,4657,1532,25,"Mid-term elections","Tuesday, November 6, 2018"
2018,"Scott",16949,7920,47,5827,2093,26,"Mid-term elections","Tuesday, November 6, 2018"
2018,"Shelby",28369,14610,51,10548,4062,28,"Mid-term elections","Tuesday, November 6, 2018"
2018,"Spencer",14675,9032,62,5890,3142,35,"Mid-term elections","Tuesday, November 6, 2018"
2018,"St. Joseph",193482,94199,49,71678,22521,24,"Mid-term elections","Tuesday, November 6, 2018"
2018,"Starke",16648,7763,47,5582,2181,28,"Mid-term elections","Tuesday, November 6, 2018"
2018,"Steuben",22865,12382,54,9106,3276,26,"Mid-term elections","Tuesday, November 6, 2018"
2018,"Sullivan",13678,7613,56,5558,2055,27,"Mid-term elections","Tuesday, November 6, 2018"
2018,"Switzerland",6727,3076,46,964,2112,69,"Mid-term elections","Tuesday, November 6, 2018"
2018,"Tippecanoe",110712,52070,47,26062,26008,50,"Mid-term elections","Tuesday, November 6, 2018"
2018,"Tipton",11047,6231,56,4757,1474,24,"Mid-term elections","Tuesday, November 6, 2018"
2018,"Union",5256,2547,48,1861,686,27,"Mid-term elections","Tuesday, November 6, 2018"
2018,"Vanderburgh",115553,59028,51,30763,28265,48,"Mid-term elections","Tuesday, November 6, 2018"
2018,"Vermillion",9718,5680,58,4412,1268,22,"Mid-term elections","Tuesday, November 6, 2018"
2018,"Vigo",72982,32230,44,16149,16081,50,"Mid-term elections","Tuesday, November 6, 2018"
2018,"Wabash",20604,11513,56,6792,4721,41,"Mid-term elections","Tuesday, November 6, 2018"
2018,"Warren",6126,3352,55,2413,939,28,"Mid-term elections","Tuesday, November 6, 2018"
2018,"Warrick",45128,24641,55,18453,6188,25,"Mid-term elections","Tuesday, November 6, 2018"
2018,"Washington",18609,9543,51,7785,1758,18,"Mid-term elections","Tuesday, November 6, 2018"
2018,"Wayne",41114,20146,49,9270,10876,54,"Mid-term elections","Tuesday, November 6, 2018"
2018,"Wells",18379,11035,60,6499,4536,41,"Mid-term elections","Tuesday, November 6, 2018"
2018,"White",16002,8330,52,6103,2227,27,"Mid-term elections","Tuesday, November 6, 2018"
2018,"Whitley",22599,13518,60,9580,3938,29,"Mid-term elections","Tuesday, November 6, 2018"
2018,"Total",4526663,2308258,51,1560152,748106,32,"Mid-term elections","Tuesday, November 6, 2018"
2020,"Adams",19780,14385,73,5140,9245,64,"Presidential elections","Tuesday, November 3, 2020"
2020,"Allen",267870,171079,64,64541,106538,62,"Presidential elections","Tuesday, November 3, 2020"
2020,"Bartholomew",53417,36674,69,9107,27567,75,"Presidential elections","Tuesday, November 3, 2020"
2020,"Benton",6015,4166,69,2451,1715,41,"Presidential elections","Tuesday, November 3, 2020"
2020,"Blackford",8213,5408,66,1667,3741,69,"Presidential elections","Tuesday, November 3, 2020"
2020,"Boone",53840,38992,72,6271,32721,84,"Presidential elections","Tuesday, November 3, 2020"
2020,"Brown",12622,8991,71,3154,5837,65,"Presidential elections","Tuesday, November 3, 2020"
2020,"Carroll",14009,9689,69,3242,6447,67,"Presidential elections","Tuesday, November 3, 2020"
2020,"Cass",22589,15302,68,3523,11779,77,"Presidential elections","Tuesday, November 3, 2020"
2020,"Clark",94856,58298,61,29632,28666,49,"Presidential elections","Tuesday, November 3, 2020"
2020,"Clay",18717,12387,66,5735,6652,54,"Presidential elections","Tuesday, November 3, 2020"
2020,"Clinton",20140,13199,66,4035,9164,69,"Presidential elections","Tuesday, November 3, 2020"
2020,"Crawford",7855,5032,64,3063,1924,38,"Presidential elections","Tuesday, November 3, 2020"
2020,"Daviess",17927,12097,67,5708,6389,53,"Presidential elections","Tuesday, November 3, 2020"
2020,"Dearborn",39758,25712,65,14944,10768,42,"Presidential elections","Tuesday, November 3, 2020"
2020,"Decatur",17451,12421,71,5902,6519,52,"Presidential elections","Tuesday, November 3, 2020"
2020,"DeKalb",29438,19817,67,7014,12803,65,"Presidential elections","Tuesday, November 3, 2020"
2020,"Delaware",83661,48269,58,28184,20085,42,"Presidential elections","Tuesday, November 3, 2020"
2020,"Dubois",30849,22101,72,5416,16685,75,"Presidential elections","Tuesday, November 3, 2020"
2020,"Elkhart",125927,75405,60,30908,44497,59,"Presidential elections","Tuesday, November 3, 2020"
2020,"Fayette",16343,10243,63,4750,5493,54,"Presidential elections","Tuesday, November 3, 2020"
2020,"Floyd",62222,42121,68,8657,33464,79,"Presidential elections","Tuesday, November 3, 2020"
2020,"Fountain",11630,8122,70,4540,3582,44,"Presidential elections","Tuesday, November 3, 2020"
2020,"Franklin",17299,12148,70,7269,4879,40,"Presidential elections","Tuesday, November 3, 2020"
2020,"Fulton",13255,9208,69,4264,4944,54,"Presidential elections","Tuesday, November 3, 2020"
2020,"Gibson",23561,16335,69,8237,8098,50,"Presidential elections","Tuesday, November 3, 2020"
2020,"Grant",45509,27519,60,12681,14838,54,"Presidential elections","Tuesday, November 3, 2020"
2020,"Greene",20365,15001,74,6889,8112,54,"Presidential elections","Tuesday, November 3, 2020"
2020,"Hamilton",260082,195988,75,53147,142841,73,"Presidential elections","Tuesday, November 3, 2020"
2020,"Hancock",58438,43244,74,7585,35659,82,"Presidential elections","Tuesday, November 3, 2020"
2020,"Harrison",29654,20445,69,12081,8364,41,"Presidential elections","Tuesday, November 3, 2020"
2020,"Hendricks",124726,89397,72,28858,60539,68,"Presidential elections","Tuesday, November 3, 2020"
2020,"Henry",31081,21272,68,11343,9929,47,"Presidential elections","Tuesday, November 3, 2020"
2020,"Howard",60903,41039,67,10746,30293,74,"Presidential elections","Tuesday, November 3, 2020"
2020,"Huntington",25378,18023,71,5257,12766,71,"Presidential elections","Tuesday, November 3, 2020"
2020,"Jackson",28642,19422,68,9223,10199,53,"Presidential elections","Tuesday, November 3, 2020"
2020,"Jasper",22800,15683,69,7915,7768,50,"Presidential elections","Tuesday, November 3, 2020"
2020,"Jay",12534,8543,68,3509,5034,59,"Presidential elections","Tuesday, November 3, 2020"
2020,"Jefferson",22196,14865,67,6940,7925,53,"Presidential elections","Tuesday, November 3, 2020"
2020,"Jennings",18540,12347,67,7123,5224,42,"Presidential elections","Tuesday, November 3, 2020"
2020,"Johnson",111428,78343,70,16629,61714,79,"Presidential elections","Tuesday, November 3, 2020"
2020,"Knox",24681,16195,66,8102,8093,50,"Presidential elections","Tuesday, November 3, 2020"
2020,"Kosciusko",54489,36201,66,20473,15728,43,"Presidential elections","Tuesday, November 3, 2020"
2020,"LaGrange",16402,10765,66,6584,4181,39,"Presidential elections","Tuesday, November 3, 2020"
2020,"Lake",370849,222982,60,93431,129551,58,"Presidential elections","Tuesday, November 3, 2020"
2020,"LaPorte",79763,49945,63,23883,26062,52,"Presidential elections","Tuesday, November 3, 2020"
2020,"Lawrence",32555,21320,65,6369,14951,70,"Presidential elections","Tuesday, November 3, 2020"
2020,"Madison",91258,52673,58,29156,23517,45,"Presidential elections","Tuesday, November 3, 2020"
2020,"Marion",670086,394554,59,178623,215931,55,"Presidential elections","Tuesday, November 3, 2020"
2020,"Marshall",29629,20143,68,10016,10127,50,"Presidential elections","Tuesday, November 3, 2020"
2020,"Martin",7663,5195,68,3053,2142,41,"Presidential elections","Tuesday, November 3, 2020"
2020,"Miami",22424,14598,65,3804,10794,74,"Presidential elections","Tuesday, November 3, 2020"
2020,"Monroe",100528,63632,63,25887,37745,59,"Presidential elections","Tuesday, November 3, 2020"
2020,"Montgomery",25157,17393,69,3424,13969,80,"Presidential elections","Tuesday, November 3, 2020"
2020,"Morgan",52421,36532,70,7660,28872,79,"Presidential elections","Tuesday, November 3, 2020"
2020,"Newton",10250,6651,65,4805,1846,28,"Presidential elections","Tuesday, November 3, 2020"
2020,"Noble",29845,19413,65,7428,11985,62,"Presidential elections","Tuesday, November 3, 2020"
2020,"Ohio",4936,3181,64,1438,1743,55,"Presidential elections","Tuesday, November 3, 2020"
2020,"Orange",13784,8976,65,5129,3847,43,"Presidential elections","Tuesday, November 3, 2020"
2020,"Owen",14627,10030,69,3661,6369,63,"Presidential elections","Tuesday, November 3, 2020"
2020,"Parke",10583,7115,67,3640,3475,49,"Presidential elections","Tuesday, November 3, 2020"
2020,"Perry",12825,8864,69,2964,5900,67,"Presidential elections","Tuesday, November 3, 2020"
2020,"Pike",9040,6304,70,2523,3781,60,"Presidential elections","Tuesday, November 3, 2020"
2020,"Porter",132035,87833,67,37556,50277,57,"Presidential elections","Tuesday, November 3, 2020"
2020,"Posey",18308,13363,73,5294,8069,60,"Presidential elections","Tuesday, November 3, 2020"
2020,"Pulaski",8988,5909,66,2698,3211,54,"Presidential elections","Tuesday, November 3, 2020"
2020,"Putnam",24823,16746,67,6236,10510,63,"Presidential elections","Tuesday, November 3, 2020"
2020,"Randolph",16825,11213,67,4957,6256,56,"Presidential elections","Tuesday, November 3, 2020"
2020,"Ripley",21040,14446,69,9034,5412,37,"Presidential elections","Tuesday, November 3, 2020"
2020,"Rush",11228,8016,71,4033,3983,50,"Presidential elections","Tuesday, November 3, 2020"
2020,"Scott",17184,10327,60,4422,5905,57,"Presidential elections","Tuesday, November 3, 2020"
2020,"Shelby",30314,20221,67,8667,11554,57,"Presidential elections","Tuesday, November 3, 2020"
2020,"Spencer",15240,10915,72,4050,6865,63,"Presidential elections","Tuesday, November 3, 2020"
2020,"St. Joseph",197179,116688,59,58287,58401,50,"Presidential elections","Tuesday, November 3, 2020"
2020,"Starke",17225,10448,61,5254,5194,50,"Presidential elections","Tuesday, November 3, 2020"
2020,"Steuben",24645,16396,67,8024,8372,51,"Presidential elections","Tuesday, November 3, 2020"
2020,"Sullivan",14059,9107,65,5663,3444,38,"Presidential elections","Tuesday, November 3, 2020"
2020,"Switzerland",7049,4232,60,939,3293,78,"Presidential elections","Tuesday, November 3, 2020"
2020,"Tippecanoe",119355,72468,61,17968,54500,75,"Presidential elections","Tuesday, November 3, 2020"
2020,"Tipton",11656,8218,71,4486,3732,45,"Presidential elections","Tuesday, November 3, 2020"
2020,"Union",5273,3521,67,1224,2297,65,"Presidential elections","Tuesday, November 3, 2020"
2020,"Vanderburgh",130933,78718,60,24050,54668,69,"Presidential elections","Tuesday, November 3, 2020"
2020,"Vermillion",10386,7579,73,4179,3400,45,"Presidential elections","Tuesday, November 3, 2020"
2020,"Vigo",73418,43928,60,9020,34908,79,"Presidential elections","Tuesday, November 3, 2020"
2020,"Wabash",21337,14764,69,4197,10567,72,"Presidential elections","Tuesday, November 3, 2020"
2020,"Warren",6300,4528,72,2486,2042,45,"Presidential elections","Tuesday, November 3, 2020"
2020,"Warrick",48001,34152,71,9183,24969,73,"Presidential elections","Tuesday, November 3, 2020"
2020,"Washington",19424,12233,63,7002,5231,43,"Presidential elections","Tuesday, November 3, 2020"
2020,"Wayne",44057,28041,64,6307,21734,78,"Presidential elections","Tuesday, November 3, 2020"
2020,"Wells",19010,14220,75,4505,9715,68,"Presidential elections","Tuesday, November 3, 2020"
2020,"White",16901,11299,67,3387,7912,70,"Presidential elections","Tuesday, November 3, 2020"
2020,"Whitley",23862,17702,74,8562,9140,52,"Presidential elections","Tuesday, November 3, 2020"
2020,"Total",4751370,3068625,65,1201003,1867577,61,"Presidential elections","Tuesday, November 3, 2020"
2022,"Adams",20039,9076,45,5558,3518,39,"Mid-term elections","Tuesday, November 8, 2022"
2022,"Allen",270041,102933,38,66669,36264,35,"Mid-term elections","Tuesday, November 8, 2022"
2022,"Bartholomew",53498,22805,43,11966,10839,48,"Mid-term elections","Tuesday, November 8, 2022"
2022,"Benton",6069,2506,41,1989,517,21,"Mid-term elections","Tuesday, November 8, 2022"
2022,"Blackford",8241,3491,42,1841,1650,47,"Mid-term elections","Tuesday, November 8, 2022"
2022,"Boone",56847,25098,44,12220,12878,51,"Mid-term elections","Tuesday, November 8, 2022"
2022,"Brown",12907,6128,47,4132,2420,39,"Mid-term elections","Tuesday, November 8, 2022"
2022,"Carroll",14303,6299,44,3807,2492,40,"Mid-term elections","Tuesday, November 8, 2022"
2022,"Cass",22555,8684,39,4034,4650,54,"Mid-term elections","Tuesday, November 8, 2022"
2022,"Clark",98877,36846,37,29410,7436,20,"Mid-term elections","Tuesday, November 8, 2022"
2022,"Clay",18884,7782,41,5372,2410,31,"Mid-term elections","Tuesday, November 8, 2022"
2022,"Clinton",20373,7439,37,4672,2767,37,"Mid-term elections","Tuesday, November 8, 2022"
2022,"Crawford",7573,3855,51,3051,804,21,"Mid-term elections","Tuesday, November 8, 2022"
2022,"Daviess",17898,7129,40,5075,2054,29,"Mid-term elections","Tuesday, November 8, 2022"
2022,"Dearborn",39894,14411,36,11476,2935,20,"Mid-term elections","Tuesday, November 8, 2022"
2022,"Decatur",17188,2956,17,3715,4357,147,"Mid-term elections","Tuesday, November 8, 2022"
2022,"DeKalb",29642,11871,40,7119,4752,40,"Mid-term elections","Tuesday, November 8, 2022"
2022,"Delaware",78698,30579,39,22903,7676,25,"Mid-term elections","Tuesday, November 8, 2022"
2022,"Dubois",30429,14028,46,7383,6645,47,"Mid-term elections","Tuesday, November 8, 2022"
2022,"Elkhart",126855,45644,36,32909,12735,28,"Mid-term elections","Tuesday, November 8, 2022"
2022,"Fayette",16580,6316,38,4098,2218,35,"Mid-term elections","Tuesday, November 8, 2022"
2022,"Floyd",55091,27245,49,12577,14668,54,"Mid-term elections","Tuesday, November 8, 2022"
2022,"Fountain",11949,5043,42,3893,1150,23,"Mid-term elections","Tuesday, November 8, 2022"
2022,"Franklin",17101,7566,44,5991,1575,21,"Mid-term elections","Tuesday, November 8, 2022"
2022,"Fulton",13297,5572,42,3329,2243,40,"Mid-term elections","Tuesday, November 8, 2022"
2022,"Gibson",24237,10330,43,7517,2813,27,"Mid-term elections","Tuesday, November 8, 2022"
2022,"Grant",44071,16045,36,11115,4930,31,"Mid-term elections","Tuesday, November 8, 2022"
2022,"Greene",21167,9587,45,6578,3009,31,"Mid-term elections","Tuesday, November 8, 2022"
2022,"Hamilton",270921,130355,48,77171,53184,41,"Mid-term elections","Tuesday, November 8, 2022"
2022,"Hancock",61136,24092,39,11175,12917,54,"Mid-term elections","Tuesday, November 8, 2022"
2022,"Harrison",29689,14108,48,10771,3337,24,"Mid-term elections","Tuesday, November 8, 2022"
2022,"Hendricks",126714,49012,39,29925,19087,39,"Mid-term elections","Tuesday, November 8, 2022"
2022,"Henry",31198,13674,44,10342,3332,24,"Mid-term elections","Tuesday, November 8, 2022"
2022,"Howard",60977,25096,41,14992,10104,40,"Mid-term elections","Tuesday, November 8, 2022"
2022,"Huntington",24315,11489,47,6579,4910,43,"Mid-term elections","Tuesday, November 8, 2022"
2022,"Jackson",28446,11412,40,7616,3796,33,"Mid-term elections","Tuesday, November 8, 2022"
2022,"Jasper",23057,9403,41,6981,2422,26,"Mid-term elections","Tuesday, November 8, 2022"
2022,"Jay",12200,5520,45,3304,2216,40,"Mid-term elections","Tuesday, November 8, 2022"
2022,"Jefferson",22059,10004,45,6705,3299,33,"Mid-term elections","Tuesday, November 8, 2022"
2022,"Jennings",18238,8157,45,6541,1616,20,"Mid-term elections","Tuesday, November 8, 2022"
2022,"Johnson",115837,45395,39,24173,21222,47,"Mid-term elections","Tuesday, November 8, 2022"
2022,"Knox",22379,10431,47,6610,3821,37,"Mid-term elections","Tuesday, November 8, 2022"
2022,"Kosciusko",54340,23280,43,18856,4424,19,"Mid-term elections","Tuesday, November 8, 2022"
2022,"LaGrange",16659,6701,40,5490,1211,18,"Mid-term elections","Tuesday, November 8, 2022"
2022,"Lake",369255,136315,37,89145,47170,35,"Mid-term elections","Tuesday, November 8, 2022"
2022,"LaPorte",79451,32554,41,22154,10400,32,"Mid-term elections","Tuesday, November 8, 2022"
2022,"Lawrence",33348,13000,39,6743,6257,48,"Mid-term elections","Tuesday, November 8, 2022"
2022,"Madison",90563,36198,40,20025,16173,45,"Mid-term elections","Tuesday, November 8, 2022"
2022,"Marion",658578,224149,34,151718,72431,32,"Mid-term elections","Tuesday, November 8, 2022"
2022,"Marshall",29743,12933,43,8832,4101,32,"Mid-term elections","Tuesday, November 8, 2022"
2022,"Martin",7706,3606,47,2576,1030,29,"Mid-term elections","Tuesday, November 8, 2022"
2022,"Miami",22004,8642,39,4403,4239,49,"Mid-term elections","Tuesday, November 8, 2022"
2022,"Monroe",98406,40489,41,22681,17808,44,"Mid-term elections","Tuesday, November 8, 2022"
2022,"Montgomery",25650,9927,39,5971,3956,40,"Mid-term elections","Tuesday, November 8, 2022"
2022,"Morgan",52501,21572,41,11602,9970,46,"Mid-term elections","Tuesday, November 8, 2022"
2022,"Newton",10137,4082,40,3477,605,15,"Mid-term elections","Tuesday, November 8, 2022"
2022,"Noble",30183,11675,39,7724,3951,34,"Mid-term elections","Tuesday, November 8, 2022"
2022,"Ohio",5124,1997,39,1320,677,34,"Mid-term elections","Tuesday, November 8, 2022"
2022,"Orange",14032,5500,39,4266,1234,22,"Mid-term elections","Tuesday, November 8, 2022"
2022,"Owen",15057,6301,42,3778,2523,40,"Mid-term elections","Tuesday, November 8, 2022"
2022,"Parke",10137,4568,45,3307,1261,28,"Mid-term elections","Tuesday, November 8, 2022"
2022,"Perry",13266,6389,48,3477,2912,46,"Mid-term elections","Tuesday, November 8, 2022"
2022,"Pike",9088,3742,41,2325,1417,38,"Mid-term elections","Tuesday, November 8, 2022"
2022,"Porter",133292,58929,44,35413,23431,40,"Mid-term elections","Tuesday, November 8, 2022"
2022,"Posey",18503,8889,48,6052,2837,32,"Mid-term elections","Tuesday, November 8, 2022"
2022,"Pulaski",9119,3851,42,2659,1192,31,"Mid-term elections","Tuesday, November 8, 2022"
2022,"Putnam",24404,10058,41,6856,3202,32,"Mid-term elections","Tuesday, November 8, 2022"
2022,"Randolph",16552,7012,42,4959,2053,29,"Mid-term elections","Tuesday, November 8, 2022"
2022,"Ripley",21594,8464,39,6756,1708,20,"Mid-term elections","Tuesday, November 8, 2022"
2022,"Rush",11396,4961,44,3742,1219,25,"Mid-term elections","Tuesday, November 8, 2022"
2022,"Scott",17187,7112,41,5021,2091,29,"Mid-term elections","Tuesday, November 8, 2022"
2022,"Shelby",31034,11702,38,8012,3690,32,"Mid-term elections","Tuesday, November 8, 2022"
2022,"Spencer",15161,7764,51,4898,2866,37,"Mid-term elections","Tuesday, November 8, 2022"
2022,"St. Joseph",196919,72672,37,50332,22340,31,"Mid-term elections","Tuesday, November 8, 2022"
2022,"Starke",17647,7107,40,4983,2133,30,"Mid-term elections","Tuesday, November 8, 2022"
2022,"Steuben",25822,10401,40,6979,3422,33,"Mid-term elections","Tuesday, November 8, 2022"
2022,"Sullivan",14391,6592,46,4822,1770,27,"Mid-term elections","Tuesday, November 8, 2022"
2022,"Switzerland",7162,2725,38,1058,1667,61,"Mid-term elections","Tuesday, November 8, 2022"
2022,"Tippecanoe",124198,39932,32,21306,18626,47,"Mid-term elections","Tuesday, November 8, 2022"
2022,"Tipton",11855,5430,46,3821,1609,30,"Mid-term elections","Tuesday, November 8, 2022"
2022,"Union",4994,2547,51,1666,881,35,"Mid-term elections","Tuesday, November 8, 2022"
2022,"Vanderburgh",128820,47815,37,25872,21943,46,"Mid-term elections","Tuesday, November 8, 2022"
2022,"Vermillion",10686,5252,49,3986,1266,24,"Mid-term elections","Tuesday, November 8, 2022"
2022,"Vigo",75044,27400,37,12420,14980,55,"Mid-term elections","Tuesday, November 8, 2022"
2022,"Wabash",20967,10040,48,5806,4234,42,"Mid-term elections","Tuesday, November 8, 2022"
2022,"Warren",6198,2841,46,2165,676,24,"Mid-term elections","Tuesday, November 8, 2022"
2022,"Warrick",47938,20312,42,12230,8082,40,"Mid-term elections","Tuesday, November 8, 2022"
2022,"Washington",19121,8139,43,6544,1595,20,"Mid-term elections","Tuesday, November 8, 2022"
2022,"Wayne",43277,16787,39,8712,8075,48,"Mid-term elections","Tuesday, November 8, 2022"
2022,"Wells",19343,9262,48,5884,3378,36,"Mid-term elections","Tuesday, November 8, 2022"
2022,"White",17426,6828,39,4195,2633,39,"Mid-term elections","Tuesday, November 8, 2022"
2022,"Whitley",24132,11704,48,8074,3630,31,"Mid-term elections","Tuesday, November 8, 2022"
2022,"Total",4760880,1881560,40,1198377,688647,37,"Mid-term elections","Tuesday, November 8, 2022"
2024,"Adams",19935,14170,71,5793,8377,59,"Presidential elections","Tuesday, November 5, 2024"
2024,"Allen",285127,165189,58,88074,77115,47,"Presidential elections","Tuesday, November 5, 2024"
2024,"Bartholomew",54087,35952,66,12331,23621,66,"Presidential elections","Tuesday, November 5, 2024"
2024,"Benton",6021,3994,66,2243,1751,44,"Presidential elections","Tuesday, November 5, 2024"
2024,"Blackford",8556,5197,61,2065,3132,60,"Presidential elections","Tuesday, November 5, 2024"
2024,"Boone",62062,40776,66,11320,29456,72,"Presidential elections","Tuesday, November 5, 2024"
2024,"Brown",13545,9066,67,3905,5161,57,"Presidential elections","Tuesday, November 5, 2024"
2024,"Carroll",14903,9341,63,3988,5353,57,"Presidential elections","Tuesday, November 5, 2024"
2024,"Cass",22675,14293,63,4515,9778,68,"Presidential elections","Tuesday, November 5, 2024"
2024,"Clark",96263,59078,61,36556,22522,38,"Presidential elections","Tuesday, November 5, 2024"
2024,"Clay",18820,12198,65,6471,5727,47,"Presidential elections","Tuesday, November 5, 2024"
2024,"Clinton",20350,12641,62,5149,7492,59,"Presidential elections","Tuesday, November 5, 2024"
2024,"Crawford",7920,5071,64,3491,1580,31,"Presidential elections","Tuesday, November 5, 2024"
2024,"Daviess",17559,11590,66,4349,7241,62,"Presidential elections","Tuesday, November 5, 2024"
2024,"Dearborn",40526,26837,66,14949,11888,44,"Presidential elections","Tuesday, November 5, 2024"
2024,"Decatur",17631,12281,70,6566,5715,47,"Presidential elections","Tuesday, November 5, 2024"
2024,"DeKalb",29972,20022,67,7839,12183,61,"Presidential elections","Tuesday, November 5, 2024"
2024,"Delaware",76488,46547,61,28906,17641,38,"Presidential elections","Tuesday, November 5, 2024"
2024,"Dubois",30676,21754,71,7378,14376,66,"Presidential elections","Tuesday, November 5, 2024"
2024,"Elkhart",126875,70869,56,37212,33657,47,"Presidential elections","Tuesday, November 5, 2024"
2024,"Fayette",17159,9977,58,4292,5685,57,"Presidential elections","Tuesday, November 5, 2024"
2024,"Floyd",62972,41686,66,13566,28120,67,"Presidential elections","Tuesday, November 5, 2024"
2024,"Fountain",12418,8053,65,4887,3166,39,"Presidential elections","Tuesday, November 5, 2024"
2024,"Franklin",17922,12204,68,5887,6317,52,"Presidential elections","Tuesday, November 5, 2024"
2024,"Fulton",13238,8939,68,3434,5505,62,"Presidential elections","Tuesday, November 5, 2024"
2024,"Gibson",23623,16034,68,9342,6692,42,"Presidential elections","Tuesday, November 5, 2024"
2024,"Grant",43644,25473,58,13981,11492,45,"Presidential elections","Tuesday, November 5, 2024"
2024,"Greene",22037,14829,67,7799,7030,47,"Presidential elections","Tuesday, November 5, 2024"
2024,"Hamilton",283132,199731,71,81443,118288,59,"Presidential elections","Tuesday, November 5, 2024"
2024,"Hancock",65292,44824,69,12347,32477,72,"Presidential elections","Tuesday, November 5, 2024"
2024,"Harrison",30280,20637,68,12760,7877,38,"Presidential elections","Tuesday, November 5, 2024"
2024,"Hendricks",131291,84501,64,33667,50834,60,"Presidential elections","Tuesday, November 5, 2024"
2024,"Henry",31648,20923,66,12498,8425,40,"Presidential elections","Tuesday, November 5, 2024"
2024,"Howard",61288,39241,64,13866,25375,65,"Presidential elections","Tuesday, November 5, 2024"
2024,"Huntington",24999,17950,72,6013,11937,67,"Presidential elections","Tuesday, November 5, 2024"
2024,"Jackson",26143,18867,72,7954,10913,58,"Presidential elections","Tuesday, November 5, 2024"
2024,"Jasper",23624,16018,68,7734,8284,52,"Presidential elections","Tuesday, November 5, 2024"
2024,"Jay",11998,8216,68,3874,4342,53,"Presidential elections","Tuesday, November 5, 2024"
2024,"Jefferson",22105,14514,66,8081,6433,44,"Presidential elections","Tuesday, November 5, 2024"
2024,"Jennings",18351,11931,65,7979,3952,33,"Presidential elections","Tuesday, November 5, 2024"
2024,"Johnson",123364,78773,64,22841,55932,71,"Presidential elections","Tuesday, November 5, 2024"
2024,"Knox",22880,15320,67,7178,8142,53,"Presidential elections","Tuesday, November 5, 2024"
2024,"Kosciusko",54295,35394,65,19852,15542,44,"Presidential elections","Tuesday, November 5, 2024"
2024,"LaGrange",16749,10554,63,6715,3839,36,"Presidential elections","Tuesday, November 5, 2024"
2024,"Lake",371117,212456,57,111098,101358,48,"Presidential elections","Tuesday, November 5, 2024"
2024,"LaPorte",78924,48187,61,22317,25870,54,"Presidential elections","Tuesday, November 5, 2024"
2024,"Lawrence",34759,21468,62,7617,13851,65,"Presidential elections","Tuesday, November 5, 2024"
2024,"Madison",91492,56357,62,21063,35294,63,"Presidential elections","Tuesday, November 5, 2024"
2024,"Marion",650471,358036,55,192850,165186,46,"Presidential elections","Tuesday, November 5, 2024"
2024,"Marshall",30017,19810,66,10507,9303,47,"Presidential elections","Tuesday, November 5, 2024"
2024,"Martin",7775,5058,65,3276,1782,35,"Presidential elections","Tuesday, November 5, 2024"
2024,"Miami",22249,14129,64,4646,9483,67,"Presidential elections","Tuesday, November 5, 2024"
2024,"Monroe",93146,59855,64,23965,35890,60,"Presidential elections","Tuesday, November 5, 2024"
2024,"Montgomery",25094,16753,67,6347,10406,62,"Presidential elections","Tuesday, November 5, 2024"
2024,"Morgan",55229,35725,65,12102,23623,66,"Presidential elections","Tuesday, November 5, 2024"
2024,"Newton",10207,6650,65,5061,1589,24,"Presidential elections","Tuesday, November 5, 2024"
2024,"Noble",31769,19195,60,9358,9837,51,"Presidential elections","Tuesday, November 5, 2024"
2024,"Ohio",5231,3117,60,1522,1595,51,"Presidential elections","Tuesday, November 5, 2024"
2024,"Orange",13375,8748,65,5833,2915,33,"Presidential elections","Tuesday, November 5, 2024"
2024,"Owen",15685,9978,64,4505,5473,55,"Presidential elections","Tuesday, November 5, 2024"
2024,"Parke",9509,6725,71,3902,2823,42,"Presidential elections","Tuesday, November 5, 2024"
2024,"Perry",13801,8827,64,3712,5115,58,"Presidential elections","Tuesday, November 5, 2024"
2024,"Pike",9357,6079,65,2717,3362,55,"Presidential elections","Tuesday, November 5, 2024"
2024,"Porter",139687,86948,62,36201,50747,58,"Presidential elections","Tuesday, November 5, 2024"
2024,"Posey",18310,13113,72,6546,6567,50,"Presidential elections","Tuesday, November 5, 2024"
2024,"Pulaski",9494,5848,62,2635,3213,55,"Presidential elections","Tuesday, November 5, 2024"
2024,"Putnam",26012,16949,65,7950,8999,53,"Presidential elections","Tuesday, November 5, 2024"
2024,"Randolph",17061,10683,63,6025,4658,44,"Presidential elections","Tuesday, November 5, 2024"
2024,"Ripley",22603,14523,64,8888,5635,39,"Presidential elections","Tuesday, November 5, 2024"
2024,"Rush",11826,7769,66,4678,3091,40,"Presidential elections","Tuesday, November 5, 2024"
2024,"Scott",17390,10318,59,5279,5039,49,"Presidential elections","Tuesday, November 5, 2024"
2024,"Shelby",32284,20070,62,9285,10785,54,"Presidential elections","Tuesday, November 5, 2024"
2024,"Spencer",15618,10625,68,4820,5805,55,"Presidential elections","Tuesday, November 5, 2024"
2024,"St. Joseph",205991,112329,55,53448,58881,52,"Presidential elections","Tuesday, November 5, 2024"
2024,"Starke",18317,10599,58,5082,5517,52,"Presidential elections","Tuesday, November 5, 2024"
2024,"Steuben",26853,16645,62,7496,9149,55,"Presidential elections","Tuesday, November 5, 2024"
2024,"Sullivan",14588,8914,61,5302,3612,41,"Presidential elections","Tuesday, November 5, 2024"
2024,"Switzerland",7683,4315,56,1320,2995,69,"Presidential elections","Tuesday, November 5, 2024"
2024,"Tippecanoe",119087,68066,57,23448,44618,66,"Presidential elections","Tuesday, November 5, 2024"
2024,"Tipton",12191,8073,66,3865,4208,52,"Presidential elections","Tuesday, November 5, 2024"
2024,"Union",5041,3523,70,1977,1546,44,"Presidential elections","Tuesday, November 5, 2024"
2024,"Vanderburgh",134388,74605,56,29901,44704,60,"Presidential elections","Tuesday, November 5, 2024"
2024,"Vermillion",11176,7352,66,4442,2910,40,"Presidential elections","Tuesday, November 5, 2024"
2024,"Vigo",70669,41379,59,13094,28285,68,"Presidential elections","Tuesday, November 5, 2024"
2024,"Wabash",20832,14115,68,5913,8202,58,"Presidential elections","Tuesday, November 5, 2024"
2024,"Warren",6213,4401,71,2697,1704,39,"Presidential elections","Tuesday, November 5, 2024"
2024,"Warrick",48991,33498,68,12285,21213,63,"Presidential elections","Tuesday, November 5, 2024"
2024,"Washington",19396,12786,66,8183,4603,36,"Presidential elections","Tuesday, November 5, 2024"
2024,"Wayne",45179,27035,60,9445,17590,65,"Presidential elections","Tuesday, November 5, 2024"
2024,"Wells",19603,14304,73,5665,8639,60,"Presidential elections","Tuesday, November 5, 2024"
2024,"White",17036,11271,66,4443,6828,61,"Presidential elections","Tuesday, November 5, 2024"
2024,"Whitley",24633,17935,73,8706,9229,51,"Presidential elections","Tuesday, November 5, 2024"
2024,"Total",4837802,2976599,62,1372507,1604092,54,"Presidential elections","Tuesday, November 5, 2024"
